{"cameraMode":{"drawMode":0,"name":"Shaded","section":"Shading Mode"},"sceneLighting":true,"audioPlay":false,"sceneViewState":{"m_AlwaysRefresh":false,"showFog":true,"showSkybox":true,"showFlares":true,"showImageEffects":true,"showParticleSystems":true,"showVisualEffectGraphs":true,"m_FxEnabled":true},"in2DMode":false,"pivot":{"x":-0.14347372949123383,"y":0.23827989399433137,"z":-0.2857460081577301},"rotation":{"x":0.4954971373081207,"y":0.0013018784811720253,"z":-0.0007444173097610474,"w":0.8686223030090332},"size":0.911666214466095,"orthographic":false}