{"cameraMode":{"drawMode":0,"name":"Shaded","section":"Shading Mode"},"sceneLighting":true,"audioPlay":false,"sceneViewState":{"m_AlwaysRefresh":false,"showFog":true,"showSkybox":true,"showFlares":true,"showImageEffects":true,"showParticleSystems":true,"showVisualEffectGraphs":true,"m_FxEnabled":true},"in2DMode":false,"pivot":{"x":0.026457469910383226,"y":1.2951123714447022,"z":-0.6464496850967407},"rotation":{"x":-0.5284361839294434,"y":0.029803365468978883,"z":-0.018509414047002794,"w":-0.8483204245567322},"size":0.2647629976272583,"orthographic":false}